,rf,xgb,gbm
2022-09-01,0.09312257642520254,0.09243903029980961,0.10064336265659413
