,AM,ANDV,ANRZQ,APA,APC,AR,ASC,BKR,CAM,CHK,CNX,COP,CPGX,CTRA,CVX,CXO,DO,DVN,EC,EOG,EP,EQT,FANG,FRO,FTI,GTE,HAL,HES,HP,KMI,MEE,MPC,MRO,MUR,NBL,NBR,NC,NE,NFX,NOV,OKE,ORX,OXY,PSX,PXD,PZE,QEP,RDC,RIG,RRC,SLB,STR,SUN,SWN,SXCL,VLO,WLL,WMB,WPX,XEC,XOM,XTO
2022-09-01,0.013762911572139396,,,0.0825623900002378,,0.07538074898827328,-0.05857398028908703,0.0855259639354484,,0.1264332098603315,-0.03961038866852636,0.06776160468092912,,0.09477640621367012,0.06955569788512567,,-0.05757235250430427,0.044173947396146135,-0.007521519417028805,0.09875342311899281,0.0030608394546007716,0.10690753503193166,0.05442601745915062,-0.07500006918263852,-0.09367906666737963,-0.1081748113218283,0.06524280136013774,0.0481509643014688,0.08950298084077109,-0.029909944335770464,,-0.022734297720440694,0.12240198103076391,0.03812023116008777,,-0.0830372008707206,0.027868161097083302,-0.04986245873153084,,0.06703689456433429,0.07980776794813015,,0.11615797731015338,0.065578680979803,0.0481509643014688,,,,-0.03243474205319663,0.028946532991742897,0.029027959158828255,-0.002542874726923414,0.00831137327094268,0.030740626195939442,,0.039724036879732125,,0.07361581266788511,,,0.07980776794813015,
