,AM,ANDV,ANRZQ,APA,APC,AR,ASC,BKR,CAM,CHK,CNX,COP,CPGX,CTRA,CVX,CXO,DO,DVN,EC,EOG,EP,EQT,FANG,FRO,FTI,GTE,HAL,HES,HP,KMI,MEE,MPC,MRO,MUR,NBL,NBR,NC,NE,NFX,NOV,OKE,ORX,OXY,PSX,PXD,PZE,QEP,RDC,RIG,RRC,SLB,STR,SUN,SWN,SXCL,VLO,WLL,WMB,WPX,XEC,XOM,XTO
2022-09-01,0.003281417302787304,,,0.03711188957095146,,0.03605632111430168,0.006456240080296993,0.04594441503286362,,0.027048641815781593,0.04594441503286362,0.028104213997721672,,0.03711188957095146,0.028104213997721672,,-0.04291198402643204,0.028104213997721672,0.03711188957095146,0.028104213997721672,0.003281417302787304,0.0017175079556182027,0.028104213997721672,0.006456240080296993,0.011015208438038826,0.003281417302787304,0.0017175079556182027,0.006610027514398098,0.04594441503286362,-0.008032364770770073,,0.028104213997721672,0.03711188957095146,-0.008032364770770073,,-0.04291198402643204,0.028104213997721672,0.04594441503286362,,0.009799089282751083,0.005585667677223682,,0.028104213997721672,0.028104213997721672,0.009022432379424572,,,,0.00304109207354486,0.009171593934297562,0.04594441503286362,0.0005013870541006327,0.03711188957095146,0.012548579834401608,,0.028104213997721672,,0.04594441503286362,,,0.028104213997721672,
