,AM,ANDV,ANRZQ,APA,APC,AR,ASC,BKR,CAM,CHK,CNX,COP,CPGX,CTRA,CVX,CXO,DO,DVN,EC,EOG,EP,EQT,FANG,FRO,FTI,GTE,HAL,HES,HP,KMI,MEE,MPC,MRO,MUR,NBL,NBR,NC,NE,NFX,NOV,OKE,ORX,OXY,PSX,PXD,PZE,QEP,RDC,RIG,RRC,SLB,STR,SUN,SWN,SXCL,VLO,WLL,WMB,WPX,XEC,XOM,XTO
2022-09-01,-0.007655335105196159,,,0.05509323976189572,,0.03432103471951506,-0.0277334082712661,-0.023071994651225284,,0.055668469030985,-0.003978566011877751,0.0477314934536641,,0.028757378244801447,0.06670288473102594,,-0.03986652308304143,0.03445110898933192,0.023411476366651623,0.045799898884196194,-0.030479380077768844,0.021448354607346315,0.0634336678026104,-0.02317883305367119,-0.019331822495255672,-0.02503005778139855,0.0026141129356999355,0.02936761684795235,0.006703971062422752,-0.002664566545793502,,0.03599038240051038,0.03713391755051111,0.037334744722719304,,-0.03838679581019831,0.03586585278391678,-0.019479578216289855,,-0.004291590377827812,0.04667842370270943,,0.05755223972718137,0.05616252002633312,0.05200880752800795,,,,-0.04447767014970224,0.00565849089352944,0.026593202856264205,0.01027508883046368,0.04895796179553944,-0.01618972467329917,,0.05907400421006483,,0.027120502889085657,,,0.06831933124953311,
